n_days,base_rate_pct,accuracy_pct,majority_class_accuracy_pct,precision_pct,recall_pct,auc,auc_ci_low,auc_ci_high,seed
997,43.6,61.0,56.4,56.5,46.0,0.547,0.428,0.657,0
997,41.4,50.9,58.6,40.8,41.4,0.476,0.364,0.593,1
997,51.1,46.3,51.1,45.7,27.3,0.534,0.419,0.665,2
997,57.7,69.2,57.7,78.4,64.3,0.726,0.634,0.811,3
997,47.4,47.4,52.6,44.2,41.4,0.451,0.323,0.572,4
997,41.9,57.0,58.1,48.4,40.9,0.621,0.496,0.739,5
997,44.2,59.4,55.8,54.4,50.3,0.634,0.507,0.731,6
997,44.4,52.7,55.6,45.7,34.5,0.503,0.386,0.631,7
997,49.4,52.8,50.6,52.9,40.4,0.523,0.416,0.626,8
997,35.6,54.1,64.4,36.1,37.7,0.523,0.426,0.617,9
997,41.6,54.0,58.4,44.9,47.0,0.558,0.436,0.673,10
997,38.7,54.4,61.3,41.5,43.5,0.506,0.358,0.651,11
997,44.4,63.7,55.6,58.1,65.2,0.693,0.593,0.789,12
997,39.1,59.4,60.9,48.0,45.9,0.52,0.402,0.642,13
997,38.4,51.7,61.6,37.8,39.9,0.512,0.405,0.641,14
997,37.5,44.0,62.5,28.1,31.6,0.478,0.342,0.619,15
997,41.2,51.3,58.8,39.6,34.8,0.442,0.333,0.561,16
997,34.4,55.1,65.6,32.9,29.4,0.526,0.41,0.659,17
997,38.2,54.5,61.8,40.9,43.0,0.582,0.468,0.693,18
997,36.9,56.0,63.1,41.3,45.7,0.545,0.436,0.661,19
