,HMM-2,HMM-3 top state,Jump λ=10,Jump λ=30,Jump λ=100,Change-point (PELT),Bear market (20% rule),NBER recession,VIX ≥ 20 (1990+)
HMM-2,1.0,0.31,0.61,0.68,0.67,0.65,0.25,0.23,0.71
HMM-3 top state,0.31,1.0,0.24,0.3,0.32,0.32,0.15,0.17,0.26
Jump λ=10,0.61,0.24,1.0,0.81,0.63,0.46,0.34,0.2,0.6
Jump λ=30,0.68,0.3,0.81,1.0,0.79,0.58,0.4,0.27,0.64
Jump λ=100,0.67,0.32,0.63,0.79,1.0,0.72,0.36,0.28,0.7
Change-point (PELT),0.65,0.32,0.46,0.58,0.72,1.0,0.22,0.15,0.72
Bear market (20% rule),0.25,0.15,0.34,0.4,0.36,0.22,1.0,0.28,0.27
NBER recession,0.23,0.17,0.2,0.27,0.28,0.15,0.28,1.0,0.23
VIX ≥ 20 (1990+),0.71,0.26,0.6,0.64,0.7,0.72,0.27,0.23,1.0
