labels,type,period,ar1_low,t_low,ar1_high,t_high,diff,t_diff,n,share_high
HMM-2 real time,real time,all (1970-2025),0.052,3.668,-0.034,-1.435,-0.086,-3.117,14120,0.386
HMM-2 real time,real time,1950-1979,0.285,8.961,0.241,8.182,-0.044,-1.017,2525,0.413
HMM-2 real time,real time,1980-1999,0.086,3.527,0.026,0.496,-0.06,-1.047,5055,0.383
HMM-2 real time,real time,2000-2025,-0.029,-1.423,-0.113,-3.754,-0.084,-2.331,6538,0.378
Jump λ=30 real time,real time,all (1970-2025),0.028,1.942,-0.035,-1.352,-0.063,-2.116,14120,0.439
Jump λ=30 real time,real time,1950-1979,0.24,8.043,0.254,7.886,0.013,0.305,2525,0.496
Jump λ=30 real time,real time,1980-1999,0.017,0.76,0.049,0.768,0.032,0.471,5055,0.452
Jump λ=30 real time,real time,2000-2025,-0.018,-0.835,-0.123,-3.824,-0.105,-2.707,6538,0.407
HMM-2,ex post (look-ahead),all (1950-2025),0.082,9.574,-0.044,-1.778,-0.127,-4.807,19119,0.227
HMM-2,ex post (look-ahead),1950-1979,0.191,14.185,0.152,3.787,-0.039,-0.913,7524,0.114
HMM-2,ex post (look-ahead),1980-1999,0.049,3.166,0.029,0.448,-0.02,-0.295,5055,0.221
HMM-2,ex post (look-ahead),2000-2025,-0.029,-1.851,-0.119,-3.877,-0.09,-2.6,6538,0.362
Jump λ=30,ex post (look-ahead),all (1950-2025),0.064,6.429,-0.052,-1.889,-0.116,-3.952,19119,0.22
Jump λ=30,ex post (look-ahead),1950-1979,0.162,9.539,0.185,4.332,0.023,0.493,7524,0.133
Jump λ=30,ex post (look-ahead),1980-1999,0.044,2.595,0.019,0.234,-0.025,-0.297,5055,0.193
Jump λ=30,ex post (look-ahead),2000-2025,-0.024,-1.36,-0.128,-3.898,-0.103,-2.774,6538,0.34
Bear market (20% rule),ex post (look-ahead),all (1950-2025),0.014,1.092,-0.056,-1.229,-0.07,-1.479,19119,0.155
Bear market (20% rule),ex post (look-ahead),1950-1979,0.153,7.778,0.21,4.371,0.057,1.103,7524,0.188
Bear market (20% rule),ex post (look-ahead),1980-1999,0.029,1.376,0.051,0.315,0.022,0.133,5055,0.099
Bear market (20% rule),ex post (look-ahead),2000-2025,-0.065,-3.054,-0.177,-3.268,-0.112,-1.921,6538,0.161
